<application>
  <component name="ProjectManager">
    <defaultProject>
      <component name="PropertiesComponent"><![CDATA[{
  "keyToString": {
    "settings.editor.selected.configurable": "preferences.keymap"
  }
}]]></component>
      <component name="VcsDirectoryMappings" defaultProject="true" />
      <component name="WindowStateProjectService">
        <state x="337" y="97" key="SettingsEditor" timestamp="1741363570014">
          <screen x="0" y="0" width="1920" height="1080" />
        </state>
        <state x="337" y="97" key="SettingsEditor/-1512.136.1512.944/0.0.1920.1080" timestamp="1741363570014" />
        <state x="265" y="123" key="SettingsEditor/0.38.1512.944" timestamp="1737992311089" />
      </component>
    </defaultProject>
  </component>
</application>