<application>
  <component name="Trusted.Paths">
    <option name="TRUSTED_PROJECT_PATHS">
      <map>
        <entry key="/Applications/MAMP/htdocs/php_test" value="true" />
        <entry key="/Applications/MAMP/htdocs/test" value="true" />
        <entry key="$USER_HOME$/Desktop/android_icons" value="true" />
        <entry key="$USER_HOME$/StudioProjects/sample" value="true" />
        <entry key="$USER_HOME$/StudioProjects/untitled" value="true" />
        <entry key="$USER_HOME$/development/dotfiles" value="true" />
        <entry key="$USER_HOME$/development/flutter_projects/habit_calendar" value="true" />
        <entry key="$USER_HOME$/development/flutter_projects/habit_calendar/android" value="true" />
        <entry key="$USER_HOME$/development/udemy_git" value="true" />
      </map>
    </option>
  </component>
</application>