<application>
  <component name="DimensionService">
    <location key="WELCOME_SCREEN.0.0.3024.1964@192dpi" x="1512" y="600" />
    <size key="GridCell.Tab.0.left.0.0.3024.1964@192dpi" width="2860" height="384" />
    <size key="GridCell.Tab.0.center.0.0.3024.1964@192dpi" width="2860" height="384" />
    <size key="GridCell.Tab.0.right.0.0.3024.1964@192dpi" width="2860" height="384" />
    <size key="GridCell.Tab.0.bottom.0.0.3024.1964@192dpi" width="2860" height="384" />
    <size key="GridCell.Tab.0.left.-188.-1080.1920.1080" width="1878" height="320" />
    <size key="GridCell.Tab.0.center.-188.-1080.1920.1080" width="1878" height="320" />
    <size key="GridCell.Tab.0.right.-188.-1080.1920.1080" width="1878" height="320" />
    <size key="GridCell.Tab.0.bottom.-188.-1080.1920.1080" width="1878" height="320" />
    <size key="GridCell.Tab.0.left.0.0.3840.2160@192dpi" width="1756" height="622" />
    <size key="GridCell.Tab.0.center.0.0.3840.2160@192dpi" width="1756" height="622" />
    <size key="GridCell.Tab.0.right.0.0.3840.2160@192dpi" width="1756" height="622" />
    <size key="GridCell.Tab.0.bottom.0.0.3840.2160@192dpi" width="1756" height="622" />
  </component>
  <component name="WindowManager">
    <frame x="0" y="25" width="960" height="1055" />
  </component>
  <component name="WindowStateApplicationService">
    <state x="960" y="540" width="1920" height="1080" key="WELCOME_SCREEN" timestamp="1741363488949">
      <screen x="0" y="25" width="1920" height="1055" />
    </state>
    <state x="960" y="540" width="1920" height="1080" key="WELCOME_SCREEN/-1512.136.1512.944/0.25.1920.1055" timestamp="1741363488949" />
    <state x="959" y="518" width="1191" height="851" key="WELCOME_SCREEN/0.25.1920.1055" timestamp="1735034521262" />
    <state x="451" y="482" width="938" height="762" key="WELCOME_SCREEN/0.38.1512.944" timestamp="1738151240947" />
    <state x="1015" y="1590" width="1512" height="944" key="WELCOME_SCREEN/259.1112.1512.950/0.25.1920.1055" timestamp="1733649194042" />
    <state x="949" y="1621" width="1512" height="944" key="WELCOME_SCREEN/259.1118.1512.944/0.25.1920.1055" timestamp="1733649021868" />
    <state x="342" y="62" width="1513" height="945" key="com.android.tools.idea.devicemanagerv2.DeviceManagerWelcomeScreenFrame" timestamp="1741363570540">
      <screen x="0" y="0" width="1920" height="1080" />
    </state>
    <state x="342" y="62" width="1513" height="945" key="com.android.tools.idea.devicemanagerv2.DeviceManagerWelcomeScreenFrame/-1512.136.1512.944/0.0.1920.1080" timestamp="1741363570540" />
    <state x="204" y="80" width="1512" height="944" key="com.android.tools.idea.devicemanagerv2.DeviceManagerWelcomeScreenFrame/0.25.1920.1055" timestamp="1735034521291" />
    <state x="269" y="71" width="1191" height="845" key="com.android.tools.idea.devicemanagerv2.DeviceManagerWelcomeScreenFrame/0.38.1512.944" timestamp="1738142782817" />
    <state x="606" y="1175" width="1076" height="939" maximized="true" key="com.android.tools.idea.devicemanagerv2.DeviceManagerWelcomeScreenFrame/259.1112.1512.950/0.25.1920.1055" timestamp="1733649194079" />
  </component>
</application>