<keymap version="1" name="macOS copy" parent="Mac OS X 10.5+">
  <action id="Activategithub.copilotToolWindowToolWindow">
    <keyboard-shortcut first-keystroke="shift ctrl c" />
  </action>
  <action id="GotoClass" />
  <action id="GotoNextError">
    <keyboard-shortcut first-keystroke="f2" />
    <keyboard-shortcut first-keystroke="meta e" />
  </action>
  <action id="InsertLiveTemplate" />
  <action id="OpenFile">
    <keyboard-shortcut first-keystroke="meta o" />
  </action>
  <action id="RecentFiles" />
  <action id="SwitcherIterateItems" />
  <action id="SwitcherRecentEditedChangedToggleCheckBox" />
  <action id="Terminal.ClearPrompt" />
  <action id="Terminal.MoveToolWindowTabLeft">
    <keyboard-shortcut first-keystroke="shift alt tab" />
  </action>
  <action id="Terminal.MoveToolWindowTabRight">
    <keyboard-shortcut first-keystroke="alt tab" />
  </action>
  <action id="Terminal.OpenInTerminal">
    <keyboard-shortcut first-keystroke="meta j" />
  </action>
  <action id="android.deploy.ApplyChanges">
    <keyboard-shortcut first-keystroke="ctrl meta e" />
  </action>
  <action id="android.deploy.CodeSwap">
    <keyboard-shortcut first-keystroke="shift ctrl meta e" />
  </action>
  <action id="copilot.chat.show">
    <keyboard-shortcut first-keystroke="ctrl c" />
  </action>
</keymap>